{"epoch": 2, "train_loss": 0.0, "val_loss": 0.0, "val_dice": NaN, "learning_rate": 0.0001, "_timestamp": 1731736976.9893675, "_runtime": 139.26789259910583, "_step": 2, "_wandb": {"runtime": 141}}